Title	Lot Size	Category
CD4097BE HARRIS MC14097 24-PIN DIP RARE NOS LAST ONES	1	Business & Industrial
MAGNEHELIC MAX PRESSURE 15 PSIG DWYER INSTRUMENTS INC	1	Business & Industrial
1X DS3231 High-Precision RTC Module IIC Module with AT24C32 Chip EEPROM Storage	1	Business & Industrial
"Milwaukee B1634 2"" Stainless Steel Ball Valve F91SS150R-01 175 CWP"	1	Business & Industrial
"45mm Diameter x 25mm High SOLID Aluminum Amplifier VOLUME CONTROL 1/4""  KNOB New"	1	Business & Industrial
Hill-Rom ZONEAIRE Sleep Surface System Model P462	1	Business & Industrial
TA7263P Original Pulled Toshiba Integrated Circuit 	1	Business & Industrial
50pcs ERJ-8GEYJ820V PANASONIC RESISTOR SMD 82 OHM 5% 1/4W 1206 (29B2)	50	Business & Industrial
Folders, Three Inch Expansion, Two Fasteners, 1/3 Cut, Letter, Green, 25/Box	1	Business & Industrial
D&D PowerDrive 840H200	1	Business & Industrial
 Olympus Pen 35mm rangefinder camera /Zuiko 28mm/F3.5 lens	1	Cameras & Photo
Canon EOS Rebel T5 DSLR Camera w/18-55mm & 75-300mm Lenses, 24GB & Backpack 	1	Cameras & Photo
Walkera Tali H500 RTF w/ Devo F12E FPV Tx Drone Includes iLook+ Camera Express	1	Cameras & Photo
BRAND NEW Canon 1DX DSLR Camera Body with EF 24-70mm f/4L IS USM Lens	1	Cameras & Photo
PU leather Wrist Strap Lanyard for Phone Camera Canon Nikon Panasonic Sony	1	Cameras & Photo
SANKYO XL-310 Supertronic Super-8 Movie Camera Factory INSTRUCTION MANUAL	1	Cameras & Photo
EN-EL14 ENEL14 Battery Charger Adapter for Nikon D3100 D5100 P7000 P7100 UK A0E4	1	Cameras & Photo
MINOLTA DYNAX/MAXXUM 700Si INSTRUCTION BOOK/94316	1	Cameras & Photo
Norman lighting. Accessories as pictured. Norman Barn doors & Norman 5DL.	1	Cameras & Photo
M42 LENS TO NIKON D5200 D7100 D90 D600 CAMERA MOUNT ADAPTER GLASS INFINITY FOCUS	1	Cameras & Photo
Clear Waterproof Dry Bag Pouch Case Cover for Samsung Galaxy Cell Phones 2016	1	Cell Phones & Accessories
For iPhone 7 Protecting Cover 3D Stereo Relief The Fierce Tiger Design PU Case 	1	Cell Phones & Accessories
FOR ZTE QUARTZ Z797 NEON GREEN REFINED RUGGED HEAVY DUTY CASE W/ HOLSTER + GUARD	1	Cell Phones & Accessories
for iPhone 6 iPhone 6s hard case cover - Luke Hemmings - case color - black	1	Cell Phones & Accessories
Apple OEM Silicone Cases for iPhone 6/6s - Pink + Turquoise - New	1	Cell Phones & Accessories
Hybrid Shockproof Rubber+PC stand case cover for LG LS770/k7/C40/V10/G4/G4 vista	1	Cell Phones & Accessories
Black Rock Shooter Black Gold Saw Metal Cellphone Charm	1	Cell Phones & Accessories
Jackery Bar 6,000 mAh External Battery Charger - Portable Charger and Power Bank	1	Cell Phones & Accessories
 J.Market.Universal Car Air Vent Mobile Phone Mount Holder Compatible with	1	Cell Phones & Accessories
Original Unlocked Sony XPERIA SP C5303/M35H 8GB 4.6'' Android Smartphone Black	1	Cell Phones & Accessories
LADIES SIMPLY IRRESISTIBLE SHIRT BLOUSE TOP SIZE PM SILKY MULTI-COLOR NWT	1	Clothing, Shoes & Accessories
Women's White Sweater Shirt•469 Hooded Loose Knit Pocket Linen Blend EUC! Size S	1	Clothing, Shoes & Accessories
HOME AMERICA 1 FLAG Cotton Long Sleeve T-Shirt Tee Top 	1	Clothing, Shoes & Accessories
Reef Mens Sweater Slim Fit Striped Cotton/Acrylic Blend Blue Gray Surf Large L	1	Clothing, Shoes & Accessories
VINTAGE TEXAS USA 2 TONE LEATHER BROWN COWBOY WESTERN BOOTS 9 EE RODEO SNIP TOE	1	Clothing, Shoes & Accessories
Lizgolf Anissa Style Beige Flat Front With Cool Max Polyester Pants Sz 8 J9356	1	Clothing, Shoes & Accessories
FUSE Fusion Mirror Tinted Lenses for Costa Del Mar Stringer	1	Clothing, Shoes & Accessories
JEANNE PIERRE L womens cardigan SPRING GREEN L/S COTTON NWOT	1	Clothing, Shoes & Accessories
BAR III $70 New Womens 1561 Coral Pleated V Neck Shift Dress XS BAB	1	Clothing, Shoes & Accessories
Roxy™ Girl's 7-14 Moroccan Mirage Tank Set - 12 - Orange	1	Clothing, Shoes & Accessories
HP NC364T PCI-Ex4 Quad Port Gigabit Server Adapter 436431-001 435506-003 	1	Computers/Tablets & Networking
Paintjet/Paintwriter XL Ink Cartridges (5)	1	Computers/Tablets & Networking
GH59-11885A Samsung Galaxy Note GT-N8013 Audio Headphone Jack Board	1	Computers/Tablets & Networking
For iPad Tab Note Nexus Kindle Fire 3X MEElectronics MeeCase Pens Touch Stylus	1	Computers/Tablets & Networking
Genuine HP AC Power Adapter Cord 0957-2269 OEM Hewlett Packard 2242 32 v 625 mA	1	Computers/Tablets & Networking
Xtend Networks XPTF-0811 TAP,8-PORT,11DB,3GHZ,W/ RF/AC BY PASS SWITCH	1	Computers/Tablets & Networking
8x 100XL Black Ink For Lexmark 100XL Interact S605 Interpret S405 Intuition S505	8	Computers/Tablets & Networking
DELL N849D XPS M1530 LED CABLE 50.4W119.001 CN-0N849D	1	Computers/Tablets & Networking
For FORCE10, GP-10GSFP-1E - SFP+ 10GBASE-ER 1550nm LC SMF 40km, with DDMI	1	Computers/Tablets & Networking
30 ft CAT6 Network Ethernet Patch Cable XBOX PS3 30 feet GIGABIT 500MHz Gray	1	Computers/Tablets & Networking
NEW 2.1 Surround Sound 2 Speaker 1 Subwoofer Bluetooth Streaming Sound System 	1	Consumer Electronics
"Boss Audio Ch3220 3.5"" 2 Way Chaos Speaker"	1	Consumer Electronics
ORIGINAL SONY RMT-C530 RADIO CASSETTE REMOTE CONTROL CFD-530 TESTED	1	Consumer Electronics
"1000TVL 1/3"" SONY 720P 1.3MP 2.8-12mm NEW IR Vandal Proof DOME CCTV NIGHT CAMERA"	1	Consumer Electronics
Night Owl Security, 1 Pack Add–On 1080p HD Wired Security Bullet Camera White	1	Consumer Electronics
"6.2"" 800 x 480 Double 2 DIN Car RDS FM Bluetooth MP4 Radio Stereo DVD Player SD"	1	Consumer Electronics
TOSHIBA CT9852 TV Remote fits 20TF22F, CF13F22, CF19F22, CF19F32, CF19G22	1	Consumer Electronics
Interlogix 521NCRXT Photoelectric 2-Wire Smoke Detector W/Cleanme, Hea	1	Consumer Electronics
1956 Service Photofact PACKARD-BELL 21DC1 U 21DC2 21DD1 21T1 24DC1 24DT1 98D1 TV	1	Consumer Electronics
Sylvania SYLVANIA 9006 Basic Halogen Headlight Bulb, (Contains 1 Bulb)	1	Consumer Electronics
FOGG absolute,dynamic,extreme,magnetic FRAGRANT BODY SPRAY 120ml/800SPRAY NO GAS	1	Health & Beauty
Stresstabs Advanced Tablets 60 Tablets (Pack of 6)	6	Health & Beauty
Josie Maran ~ BE SPIRITED ARGAN Whipped Body Butter & Intensive Hand Cream Set	1	Health & Beauty
1 Bath & Body Works COOL MELON KIWI Fine Fragrance Mist Spray WATERMELLON APPLE	1	Health & Beauty
KONAD STAMPER+PICK IMAGE PLATE for stamping nail art	1	Health & Beauty
Extreme Glow Purifying Exfoliating / Lightening Soap 2 Pieces	2	Health & Beauty
Montez Renault NO. 15 Jojoba  Smoothing Scrub  6.8fl oz.	1	Health & Beauty
Maybelline New York The Falsies Volum' Express Washable Mascara Blackest Blac...	1	Health & Beauty
Trevor Sorbie Straight Protect Flatten & Shine Spray 200ml	1	Health & Beauty
2 Clarins Multi Active Night Youth Recovery Comfort Renewal Serum A00672 A00688	1	Health & Beauty
NOS Stihl Rubber Grip 4112-791-2200	1	Home & Garden
Wood wall clock. Art pyrography picture deer. Handmade wall clock. Hunting gift.	1	Home & Garden
E26 E27 6W LED Filament Bulb Light 110V 220V Base Retro Warm White Home Z1A7	1	Home & Garden
Lliftmaster 61Lm	1	Home & Garden
Hockey Goalie Sudden Shadow Peel & Stick Mini Mural Applique 02252	1	Home & Garden
Personalized Custom- tranquility Pillow Case One Side Pillow Cover - Bedding	1	Home & Garden
Mirror Style Decal Art Mural Wall Sticker Living Room Home Decor Flowers	1	Home & Garden
Benzara 22055 Decor 79 Wood Aluminum Apple Polystone Bookend	1	Home & Garden
Alan Silverwood 7 inch Loose Base Panettone Pan 41973 NEW!	1	Home & Garden
New Dining Mats Placemats Dinner Table Set of 6 Kitchen Multi Color Rectangle	1	Home & Garden
ARCADE 3A AGC GLASS FUSE JAMMA MAME SET OF 2	2	Video Games & Consoles
Call of Duty: Modern Warfare 3 (Sony PlayStation 3, 2011)	1	Video Games & Consoles
SONIC GENERATIONS...XBOX 360...***SEALED***BRAND NEW***!!!!!	1	Video Games & Consoles
X-COM UFO DEFENSE ENEMY UNKNOWN*COMPLETE**DOS PLATFORM*TESTED & WORKS*RARE	1	Video Games & Consoles
Neo Geo CD -- WORLD HEROES 2 JET -- NEW & Sealed. JP. JAPAN SNK.14536	1	Video Games & Consoles
Noctilucent Night Light Green Housing Shell Case For Gameboy Color Gameboy GBC	1	Video Games & Consoles
Kohan: Immortal Sovereigns (PC, 2001) Complete in Box w/ Reference Card	1	Video Games & Consoles
1 Game Shock JoyPad Vibration For Nintendo Wii GameCube Controller Pad DG	1	Video Games & Consoles
Sega Genesis Acclaim Entertainment Batman Forever	1	Video Games & Consoles
Sims 2: Bon Voyage (PC, 2007)	1	Video Games & Consoles
